[
    {
        "Name": "Oleg",
        "Fuel": {
            "Type": "Бензин А-95",
            "Quantity": "1",
            "Total": 55.52
        },
        "Coffee": {
            "Type": "Американо",
            "Quantity": "2",
            "Total": 88
        },
        "Total": 143.52
    },
    {
        "Name": "Я саша",
        "Fuel": {
            "Type": "Бензин А-95",
            "Quantity": "1",
            "Total": 55.52
        },
        "Coffee": {
            "Type": "Американо",
            "Quantity": "2",
            "Total": 88
        },
        "Total": 143.52
    }
]